"ID","Description","GeneRatio","BgRatio","RichFactor","FoldEnrichment","zScore","pvalue","p.adjust","qvalue","geneID","Count"
"GO:0000819","sister chromatid segregation","35/632","235/18986",0.148936170212766,4.47421222730945,9.94435305869621,9.64072261790282e-14,4.36917549043356e-10,3.91514819577569e-10,"TOP2A/CENPF/KIF23/SMC4/TPX2/HSPA1A/BUB1/CENPE/BIRC5/PPP1CC/CDC6/CDK1/HSPA1B/ZWILCH/SMARCA2/CCNB1/NCAPG/KIF2C/AURKB/ESPL1/NCAPD2/RACGAP1/FBXO5/TUBG1/NCAPG2/ZWINT/ARID1A/DUSP1/NDC80/NUSAP1/KPNB1/KIFC1/PSRC1/VPS4B/KIF11",35
"GO:0000070","mitotic sister chromatid segregation","31/632","194/18986",0.15979381443299,4.80038822915307,9.87281055405595,3.73029072907012e-13,8.45283879207289e-10,7.57445349092238e-10,"CENPF/KIF23/SMC4/TPX2/HSPA1A/BUB1/CENPE/BIRC5/PPP1CC/CDK1/HSPA1B/ZWILCH/CCNB1/NCAPG/KIF2C/AURKB/ESPL1/NCAPD2/RACGAP1/FBXO5/TUBG1/NCAPG2/ZWINT/DUSP1/NDC80/NUSAP1/KPNB1/KIFC1/PSRC1/VPS4B/KIF11",31
"GO:0098813","nuclear chromosome segregation","39/632","324/18986",0.12037037037037,3.61606305672761,8.81333131471739,3.81232069682617e-12,5.29391750680671e-09,4.74379470926286e-09,"TOP2A/CENPF/KIF23/SMC4/TPX2/HSPA1A/BUB1/CENPE/BIRC5/PPP1CC/CDC6/ECT2/CDK1/HSPA1B/ZWILCH/SMARCA2/CCNB1/NCAPG/KIF2C/CCNB2/AURKB/ESPL1/NCAPD2/GEM/RACGAP1/FBXO5/PTTG1/TUBG1/NCAPG2/ZWINT/ARID1A/DUSP1/NDC80/NUSAP1/KPNB1/KIFC1/PSRC1/VPS4B/KIF11",39
"GO:0140014","mitotic nuclear division","36/632","282/18986",0.127659574468085,3.83503905197953,8.90050869960405,4.67247794069436e-12,5.29391750680671e-09,4.74379470926286e-09,"CENPF/KIF23/SMC4/TPX2/HSPA1A/BUB1/CENPE/BIRC5/PPP1CC/MKI67/CDK1/HSPA1B/ZWILCH/CCNB1/NCAPG/KIF2C/AURKB/ESPL1/NCAPD2/RACGAP1/FBXO5/SPAST/TUBG1/NCAPG2/ZWINT/DUSP1/NDC80/REEP4/NUSAP1/KPNB1/ANLN/CDC25C/KIFC1/PSRC1/VPS4B/KIF11",36
"GO:0007059","chromosome segregation","45/632","429/18986",0.104895104895105,3.15116845180136,8.36272197316498,1.01047945519044e-11,9.15898578184617e-09,8.20722050131521e-09,"TOP2A/CENPF/KIF23/SMC4/TPX2/HSPA1A/BUB1/CENPE/BIRC5/PPP1CC/MKI67/CDC6/ECT2/NEK7/CDK1/HSPA1B/ZWILCH/SMARCA2/CCNB1/NCAPG/KIF2C/CCNB2/AURKB/ESPL1/CENPU/NCAPD2/GEM/RACGAP1/HDAC3/FBXO5/PTTG1/TUBG1/NCAPG2/UVRAG/ZWINT/ARID1A/STIL/DUSP1/NDC80/NUSAP1/KPNB1/KIFC1/PSRC1/VPS4B/KIF11",45
"GO:0044772","mitotic cell cycle phase transition","46/632","467/18986",0.0985010706638116,2.95908437915052,7.95428765232459,5.11669533668986e-11,3.54967881498521e-08,3.18081034705554e-08,"CENPF/MIR222/MYC/RRM1/BUB1/CENPE/FOXM1/HUS1/BIRC5/CLSPN/MIR193A/CDC6/CDK1/MIR15A/ZWILCH/SMARCA2/CCNB1/APP/MIR221/CCNB2/AURKB/ESPL1/INHBA/CDK6/PIAS1/FAM107A/FBXO5/SPAST/MEPCE/ZWINT/BRD4/ARID1A/STIL/DUSP1/NDC80/ANLN/TFDP1/CDC25C/GTSE1/RBM38/PSME1/POLE/CCNJ/RFWD3/VPS4B/MELK",46
"GO:1902850","microtubule cytoskeleton organization involved in mitosis","26/632","167/18986",0.155688622754491,4.67706359433033,8.85644809370464,5.48273426851202e-11,3.54967881498521e-08,3.18081034705554e-08,"KIF23/TPX2/HSPA1A/CENPE/BIRC5/STMN1/CDK1/HSPA1B/CCNB1/AURKB/ESPL1/CKAP5/RAE1/RACGAP1/HDAC3/SPAST/TUBG1/STIL/CENPA/NDC80/NUSAP1/KPNB1/KIFC1/PSRC1/VPS4B/KIF11",26
"GO:1901990","regulation of mitotic cell cycle phase transition","38/632","368/18986",0.103260869565217,3.10207416070446,7.55620803598933,6.7436217495198e-10,3.31369206419734e-07,2.96934639840046e-07,"CENPF/MIR222/RRM1/BUB1/CENPE/HUS1/BIRC5/CLSPN/MIR193A/CDC6/CDK1/MIR15A/ZWILCH/SMARCA2/CCNB1/APP/MIR221/AURKB/ESPL1/INHBA/CDK6/FAM107A/FBXO5/MEPCE/ZWINT/BRD4/ARID1A/STIL/DUSP1/NDC80/ANLN/TFDP1/CDC25C/GTSE1/RBM38/PSME1/RFWD3/VPS4B",38
"GO:0051983","regulation of chromosome segregation","22/632","135/18986",0.162962962962963,4.89559306141585,8.42891641808803,6.81148404860201e-10,3.31369206419734e-07,2.96934639840046e-07,"CENPF/SMC4/BUB1/CENPE/BIRC5/MKI67/CDC6/CDK1/ZWILCH/SMARCA2/CCNB1/NCAPG/KIF2C/AURKB/ESPL1/NCAPD2/FBXO5/NCAPG2/ZWINT/ARID1A/DUSP1/NDC80",22
"GO:0090068","positive regulation of cell cycle process","32/632","274/18986",0.116788321167883,3.50845421786935,7.76103840061503,7.31176536671964e-10,3.31369206419734e-07,2.96934639840046e-07,"MIR222/KIF23/SMC4/RRM1/BUB1/BIRC5/CDC6/ECT2/NUDT16/CDK1/CIT/CCNB1/APP/NCAPG/MIR221/AURKB/ESPL1/NCAPD2/RACGAP1/FBXO5/SPAST/NCAPG2/MEPCE/BRD4/STIL/WNK1/NDC80/NUSAP1/TFDP1/CDC25C/PRKCE/VPS4B",32
"GO:0007051","spindle organization","27/632","204/18986",0.132352941176471,3.9760331347729,7.93013177561065,1.00631613104281e-09,4.14602245989638e-07,3.71518433833796e-07,"KIF23/TPX2/HSPA1A/CENPE/BIRC5/STMN1/NEK7/HSPA1B/CCNB1/CCNB2/AURKB/ESPL1/CKAP5/RAE1/RACGAP1/HDAC3/FBXO5/SPAST/TUBG1/UVRAG/STIL/NDC80/KPNB1/KIFC1/PSRC1/VPS4B/KIF11",27
"GO:0000281","mitotic cytokinesis","18/632","94/18986",0.191489361702128,5.7525585779693,8.57138323039227,1.68585221889313e-09,6.36690188001971e-07,5.70527882499095e-07,"KIF23/BIRC5/STMN1/IQGAP2/ECT2/STAMBP/CIT/KIF20A/AURKB/ESPL1/RACGAP1/SPAST/WNK1/CENPA/NUSAP1/ANLN/RHOB/VPS4B",18
"GO:0000280","nuclear division","42/632","451/18986",0.0931263858093126,2.79762272306267,7.16950218017383,1.99825731125516e-09,6.96623241123724e-07,6.24232931726512e-07,"TOP2A/CENPF/KIF23/SMC4/TPX2/HSPA1A/BUB1/CENPE/BIRC5/PPP1CC/MKI67/CDK1/KLHDC3/HSPA1B/ZWILCH/CCNB1/NCAPG/KIF2C/CCNB2/AURKB/ESPL1/NCAPD2/RACGAP1/LIF/FBXO5/SPAST/PTTG1/TUBG1/NCAPG2/FOXJ3/ZWINT/DUSP1/NDC80/REEP4/NUSAP1/KPNB1/ANLN/CDC25C/KIFC1/PSRC1/VPS4B/KIF11",42
"GO:0007052","mitotic spindle organization","21/632","134/18986",0.156716417910448,4.70793973172114,7.99290822503711,3.4559391423258e-09,1.11873687093004e-06,1.00248219632278e-06,"KIF23/TPX2/HSPA1A/CENPE/BIRC5/STMN1/HSPA1B/CCNB1/AURKB/CKAP5/RAE1/RACGAP1/SPAST/TUBG1/STIL/NDC80/KPNB1/KIFC1/PSRC1/VPS4B/KIF11",21
"GO:1901987","regulation of cell cycle phase transition","43/632","479/18986",0.0897703549060543,2.69680373140245,6.97958870205754,3.88930163821578e-09,1.17508766829293e-06,1.05297724352537e-06,"CENPF/MIR222/RRM1/BUB1/CENPE/HUS1/BIRC5/CLSPN/LYN/MIR193A/CDC6/STK38/CDK1/MIR15A/MIR10A/ZWILCH/SMARCA2/CCNB1/APP/MIR221/AURKB/ESPL1/INHBA/CDK6/FAM107A/FBXO5/MEPCE/ZWINT/BRD4/ARID1A/STIL/DUSP1/NDC80/ANLN/TFDP1/CDC25C/GNB1L/GTSE1/RBM38/PSME1/RFWD3/VPS4B/UFL1",43
"GO:0045787","positive regulation of cell cycle","35/632","365/18986",0.0958904109589041,2.88065718744581,6.73213856743628,2.17737956569867e-08,6.16742761984149e-06,5.52653313451676e-06,"MIR222/KIF23/SMC4/RRM1/BUB1/BIRC5/CDC6/ECT2/NUDT16/CDK1/CIT/CCNB1/APP/NCAPG/MIR221/AURKB/ESPL1/NCAPD2/RACGAP1/FBXO5/SPAST/NCAPG2/MEPCE/BRD4/STIL/WNK1/NDC80/NUSAP1/TFDP1/CDC25C/PRKCE/DUSP3/ASNS/PSRC1/VPS4B",35
"GO:1905818","regulation of chromosome separation","15/632","77/18986",0.194805194805195,5.85216998191682,7.91672509647309,3.01880513777947e-08,8.04777934377444e-06,7.21148620529609e-06,"CENPF/SMC4/BUB1/BIRC5/ZWILCH/CCNB1/NCAPG/AURKB/ESPL1/NCAPD2/FBXO5/NCAPG2/ZWINT/DUSP1/NDC80",15
"GO:0051310","metaphase chromosome alignment","17/632","103/18986",0.16504854368932,4.95824628241367,7.47453886700015,4.89118864683143e-08,1.23149260819111e-05,1.10352080698688e-05,"CENPF/CENPE/BIRC5/ECT2/CDK1/ZWILCH/CCNB1/KIF2C/AURKB/GEM/RACGAP1/ZWINT/NDC80/KPNB1/KIFC1/PSRC1/VPS4B",17
"GO:0051304","chromosome separation","15/632","84/18986",0.178571428571429,5.36448915009042,7.43905308784245,1.02166823107862e-07,2.43694759118332e-05,2.18370971495918e-05,"CENPF/SMC4/BUB1/BIRC5/ZWILCH/CCNB1/NCAPG/AURKB/ESPL1/NCAPD2/FBXO5/NCAPG2/ZWINT/DUSP1/NDC80",15
"GO:0061640","cytoskeleton-dependent cytokinesis","18/632","123/18986",0.146341463414634,4.39626427909849,7.01208427277598,1.33629348067596e-07,3.02804102721173e-05,2.71337907813046e-05,"KIF23/BIRC5/STMN1/IQGAP2/ECT2/STAMBP/CIT/KIF20A/AURKB/ESPL1/RACGAP1/SPAST/WNK1/CENPA/NUSAP1/ANLN/RHOB/VPS4B",18
"GO:0051303","establishment of chromosome localization","17/632","115/18986",0.147826086956522,4.44086406164007,6.86779707319089,2.56223187237985e-07,5.52954040267879e-05,4.95493261335411e-05,"CENPF/CENPE/BIRC5/ECT2/CDK1/ZWILCH/CCNB1/KIF2C/AURKB/GEM/RACGAP1/ZWINT/NDC80/KPNB1/KIFC1/PSRC1/VPS4B",17
"GO:0051984","positive regulation of chromosome segregation","9/632","30/18986",0.3,9.0123417721519,8.14976750971618,3.62491736321264e-07,7.4213322284204e-05,6.65013697618013e-05,"SMC4/BIRC5/CDC6/CDK1/CCNB1/NCAPG/AURKB/NCAPD2/NCAPG2",9
"GO:1901992","positive regulation of mitotic cell cycle phase transition","16/632","105/18986",0.152380952380952,4.57769740807716,6.82156836511897,3.76634248132545e-07,7.4213322284204e-05,6.65013697618013e-05,"MIR222/RRM1/BIRC5/CDC6/CDK1/CCNB1/APP/MIR221/ESPL1/FBXO5/MEPCE/BRD4/STIL/TFDP1/CDC25C/VPS4B",16
"GO:0030071","regulation of mitotic metaphase/anaphase transition","15/632","93/18986",0.161290322580645,4.84534503879134,6.89802561701604,4.08560650947747e-07,7.71498695872995e-05,6.91327627787898e-05,"CENPF/BUB1/CENPE/BIRC5/CDC6/ZWILCH/SMARCA2/CCNB1/AURKB/ESPL1/FBXO5/ZWINT/ARID1A/DUSP1/NDC80",15
"GO:0000910","cytokinesis","22/632","192/18986",0.114583333333333,3.44221387130802,6.31136319524087,4.68108019816385e-07,8.48586218323142e-05,7.60404522295415e-05,"KIF23/BIRC5/STMN1/IQGAP2/CDC6/ECT2/STAMBP/CIT/KIF20A/AURKB/ESPL1/RACGAP1/AHCTF1/SPAST/UVRAG/WNK1/CENPA/NUSAP1/ANLN/RHOB/PRKCE/VPS4B",22
"GO:0033045","regulation of sister chromatid segregation","16/632","108/18986",0.148148148148148,4.45053914674168,6.67297229821017,5.58227291617095e-07,9.73033109849491e-05,8.71919389092613e-05,"CENPF/BUB1/CENPE/BIRC5/CDC6/CDK1/ZWILCH/SMARCA2/CCNB1/AURKB/ESPL1/FBXO5/ZWINT/ARID1A/DUSP1/NDC80",16
"GO:0045931","positive regulation of mitotic cell cycle","18/632","136/18986",0.132352941176471,3.9760331347729,6.46323601866482,6.2142868297726e-07,0.00010098697514966,9.04928113827725e-05,"MIR222/RRM1/BIRC5/CDC6/CDK1/CCNB1/APP/MIR221/ESPL1/FBXO5/MEPCE/BRD4/STIL/TFDP1/CDC25C/DUSP3/ASNS/VPS4B",18
"GO:1902099","regulation of metaphase/anaphase transition of cell cycle","15/632","96/18986",0.15625,4.69392800632911,6.73296784915193,6.23926589627203e-07,0.00010098697514966,9.04928113827725e-05,"CENPF/BUB1/CENPE/BIRC5/CDC6/ZWILCH/SMARCA2/CCNB1/AURKB/ESPL1/FBXO5/ZWINT/ARID1A/DUSP1/NDC80",15
"GO:0050000","chromosome localization","17/632","123/18986",0.138211382113821,4.15202737470413,6.50782146652882,6.83422540209342e-07,0.000106802446628577,9.57039622550868e-05,"CENPF/CENPE/BIRC5/ECT2/CDK1/ZWILCH/CCNB1/KIF2C/AURKB/GEM/RACGAP1/ZWINT/NDC80/KPNB1/KIFC1/PSRC1/VPS4B",17
"GO:0007091","metaphase/anaphase transition of mitotic cell cycle","15/632","97/18986",0.154639175257732,4.64553699595459,6.67946025447147,7.15725737556013e-07,0.000108122301420128,9.68866629996876e-05,"CENPF/BUB1/CENPE/BIRC5/CDC6/ZWILCH/SMARCA2/CCNB1/AURKB/ESPL1/FBXO5/ZWINT/ARID1A/DUSP1/NDC80",15
"GO:0044784","metaphase/anaphase transition of cell cycle","15/632","100/18986",0.15,4.50617088607595,6.52321304683633,1.06857967381677e-06,0.000156219454249599,0.000139985751496947,"CENPF/BUB1/CENPE/BIRC5/CDC6/ZWILCH/SMARCA2/CCNB1/AURKB/ESPL1/FBXO5/ZWINT/ARID1A/DUSP1/NDC80",15
"GO:1901988","negative regulation of cell cycle phase transition","27/632","287/18986",0.0940766550522648,2.82616989370617,5.78457441619831,1.29748238510896e-06,0.000183755942791057,0.000164660757952315,"CENPF/BUB1/HUS1/BIRC5/CLSPN/LYN/MIR193A/CDC6/STK38/CDK1/MIR15A/MIR10A/ZWILCH/CCNB1/AURKB/INHBA/FAM107A/FBXO5/ZWINT/BRD4/DUSP1/NDC80/GNB1L/GTSE1/RBM38/RFWD3/UFL1",27
"GO:0044839","cell cycle G2/M phase transition","19/632","158/18986",0.120253164556962,3.61254206056722,6.11910937436649,1.3535168906924e-06,0.000185882986321756,0.000166566767600998,"CENPF/RRM1/FOXM1/HUS1/BIRC5/CLSPN/CDC6/CDK1/CCNB1/APP/CCNB2/AURKB/CDK6/FBXO5/BRD4/NDC80/CDC25C/VPS4B/MELK",19
"GO:0000082","G1/S transition of mitotic cell cycle","25/632","256/18986",0.09765625,2.9337050039557,5.78015908158342,1.62293434541154e-06,0.000216327601570738,0.000193847699832747,"MIR222/MYC/RRM1/MIR193A/CDC6/CDK1/MIR15A/SMARCA2/CCNB1/MIR221/CCNB2/INHBA/CDK6/PIAS1/FAM107A/MEPCE/ARID1A/STIL/TFDP1/GTSE1/RBM38/PSME1/POLE/CCNJ/RFWD3",25
"GO:0010948","negative regulation of cell cycle process","29/632","329/18986",0.088145896656535,2.64800315493825,5.59543117480731,1.99178384558866e-06,0.000257907553948795,0.000231106829361837,"CENPF/BUB1/HUS1/BIRC5/CLSPN/LYN/MIR193A/CDC6/STK38/CDK1/MIR15A/MIR10A/ZWILCH/CCNB1/AURKB/ESPL1/INHBA/FAM107A/LIF/FBXO5/ZWINT/BRD4/DUSP1/NDC80/GNB1L/GTSE1/RBM38/RFWD3/UFL1",29
"GO:0051225","spindle assembly","17/632","134/18986",0.126865671641791,3.8111893066314,6.05985527188723,2.30580897393226e-06,0.000290275729718362,0.000260111433375166,"KIF23/TPX2/HSPA1A/BIRC5/NEK7/HSPA1B/CCNB2/AURKB/RACGAP1/HDAC3/FBXO5/STIL/NDC80/KPNB1/KIFC1/VPS4B/KIF11",17
"GO:0010971","positive regulation of G2/M transition of mitotic cell cycle","8/632","28/18986",0.285714285714286,8.58318264014467,7.4513119994874,2.48478758594574e-06,0.000304352901067733,0.000272725761211342,"RRM1/CDK1/CCNB1/APP/FBXO5/BRD4/CDC25C/VPS4B",8
"GO:0034101","erythrocyte homeostasis","18/632","150/18986",0.12,3.60493670886076,5.94356396151079,2.63665092279215e-06,0.000314455315318264,0.000281778372856845,"MIR222/HSPA1A/LYN/HSPA1B/PTPN2/MIR221/INHBA/CDK6/RACGAP1/TMEM14C/B2M/NCAPG2/HMGB2/GPI/RCOR1/SLC25A38/UFL1/RPS14",18
"GO:0033047","regulation of mitotic sister chromatid segregation","11/632","58/18986",0.189655172413793,5.69745744216499,6.64848913737947,2.7966630505381e-06,0.000324986588334325,0.000291215277975061,"CENPF/BUB1/BIRC5/CDK1/ZWILCH/CCNB1/AURKB/FBXO5/ZWINT/DUSP1/NDC80",11
"GO:0030218","erythrocyte differentiation","17/632","139/18986",0.122302158273381,3.67409616610509,5.87167193397686,3.8335015017205e-06,0.000434335720144932,0.000389201284043097,"MIR222/HSPA1A/LYN/HSPA1B/PTPN2/MIR221/INHBA/CDK6/RACGAP1/TMEM14C/B2M/NCAPG2/HMGB2/RCOR1/SLC25A38/UFL1/RPS14",17
"GO:1901989","positive regulation of cell cycle phase transition","16/632","125/18986",0.128,3.84526582278481,5.92234867068079,4.04995039678485e-06,0.000440426247307711,0.000394658907909405,"MIR222/RRM1/BIRC5/CDC6/CDK1/CCNB1/APP/MIR221/ESPL1/FBXO5/MEPCE/BRD4/STIL/TFDP1/CDC25C/VPS4B",16
"GO:0044843","cell cycle G1/S phase transition","26/632","287/18986",0.0905923344947735,2.72149693468002,5.45301242794231,4.08162012068047e-06,0.000440426247307711,0.000394658907909405,"MIR222/MYC/RRM1/MIR193A/CDC6/CDK1/MIR15A/MIR10A/SMARCA2/CCNB1/MIR221/CCNB2/INHBA/CDK6/PIAS1/FAM107A/MEPCE/ARID1A/STIL/TFDP1/GTSE1/RBM38/PSME1/POLE/CCNJ/RFWD3",26
"GO:0000075","cell cycle checkpoint signaling","21/632","203/18986",0.103448275862069,3.10770405936272,5.60239399534479,4.44856894659588e-06,0.00046885847595285,0.000420136572728688,"CENPF/BUB1/HUS1/BIRC5/CLSPN/LYN/CDC6/STK38/CDK1/ZWILCH/CCNB1/AURKB/ZWINT/BRD4/DUSP1/NDC80/GNB1L/GTSE1/RBM38/RFWD3/UFL1",21
"GO:0000086","G2/M transition of mitotic cell cycle","17/632","141/18986",0.120567375886525,3.62198132686956,5.79881903786456,4.66489135004079e-06,0.000480483809054201,0.000430553847570751,"CENPF/RRM1/FOXM1/HUS1/BIRC5/CLSPN/CDC6/CDK1/CCNB1/APP/AURKB/CDK6/FBXO5/BRD4/CDC25C/VPS4B/MELK",17
"GO:1901991","negative regulation of mitotic cell cycle phase transition","21/632","205/18986",0.102439024390244,3.07738499536894,5.54923402953713,5.19261246667009e-06,0.000505023986827682,0.00045254390792521,"CENPF/BUB1/HUS1/BIRC5/CLSPN/MIR193A/CDC6/CDK1/MIR15A/ZWILCH/CCNB1/AURKB/INHBA/FAM107A/FBXO5/ZWINT/DUSP1/NDC80/GTSE1/RBM38/RFWD3",21
"GO:0010965","regulation of mitotic sister chromatid separation","11/632","62/18986",0.17741935483871,5.32987954267048,6.33670757260821,5.53316062787848e-06,0.000505023986827682,0.00045254390792521,"CENPF/BUB1/BIRC5/ZWILCH/CCNB1/AURKB/ESPL1/FBXO5/ZWINT/DUSP1/NDC80",11
"GO:1902751","positive regulation of cell cycle G2/M phase transition","8/632","31/18986",0.258064516129032,7.75255206206615,6.9820888325472,5.77352293474345e-06,0.000505023986827682,0.00045254390792521,"RRM1/CDK1/CCNB1/APP/FBXO5/BRD4/CDC25C/VPS4B",8
"GO:0032467","positive regulation of cytokinesis","10/632","51/18986",0.196078431372549,5.89041945892281,6.48928757290173,5.79462650375982e-06,0.000505023986827682,0.00045254390792521,"KIF23/BIRC5/CDC6/ECT2/CIT/AURKB/RACGAP1/SPAST/WNK1/PRKCE",10
"GO:0033046","negative regulation of sister chromatid segregation","10/632","51/18986",0.196078431372549,5.89041945892281,6.48928757290173,5.79462650375982e-06,0.000505023986827682,0.00045254390792521,"CENPF/BUB1/BIRC5/ZWILCH/CCNB1/AURKB/FBXO5/ZWINT/DUSP1/NDC80",10
"GO:0033048","negative regulation of mitotic sister chromatid segregation","10/632","51/18986",0.196078431372549,5.89041945892281,6.48928757290173,5.79462650375982e-06,0.000505023986827682,0.00045254390792521,"CENPF/BUB1/BIRC5/ZWILCH/CCNB1/AURKB/FBXO5/ZWINT/DUSP1/NDC80",10
"GO:0045841","negative regulation of mitotic metaphase/anaphase transition","10/632","51/18986",0.196078431372549,5.89041945892281,6.48928757290173,5.79462650375982e-06,0.000505023986827682,0.00045254390792521,"CENPF/BUB1/BIRC5/ZWILCH/CCNB1/AURKB/FBXO5/ZWINT/DUSP1/NDC80",10
"GO:2000816","negative regulation of mitotic sister chromatid separation","10/632","51/18986",0.196078431372549,5.89041945892281,6.48928757290173,5.79462650375982e-06,0.000505023986827682,0.00045254390792521,"CENPF/BUB1/BIRC5/ZWILCH/CCNB1/AURKB/FBXO5/ZWINT/DUSP1/NDC80",10
"GO:0033044","regulation of chromosome organization","24/632","258/18986",0.0930232558139535,2.79452458051222,5.38532651962638,6.06895353081718e-06,0.000518952781163461,0.000465025277495386,"TOP2A/CENPF/SMC4/MYC/BUB1/CENPE/BIRC5/CDC6/NEK7/CDK1/ZWILCH/SMARCA2/CCNB1/NCAPG/AURKB/ESPL1/NCAPD2/FBXO5/NCAPG2/ZWINT/ARID1A/DUSP1/NDC80/DKC1",24
"GO:0007080","mitotic metaphase chromosome alignment","11/632","63/18986",0.174603174603175,5.24527828008841,6.26296406659903,6.50450561949618e-06,0.000545896656806605,0.00048916925302176,"CENPE/BIRC5/CDK1/CCNB1/KIF2C/AURKB/NDC80/KPNB1/KIFC1/PSRC1/VPS4B",11
"GO:0051988","regulation of attachment of spindle microtubules to kinetochore","7/632","23/18986",0.304347826086957,9.14295542102367,7.25088352577853,6.74430539429445e-06,0.000555730764489862,0.000497981439448574,"BIRC5/ECT2/CDK1/ZWILCH/CCNB1/AURKB/RACGAP1",7
"GO:0051656","establishment of organelle localization","36/632","488/18986",0.0737704918032787,2.21614961610293,5.05048408253003,7.65817781330711e-06,0.000619765390176925,0.000555361842175542,"CENPF/MAP1B/CENPE/BIRC5/LYN/ECT2/MAP2/CDK1/ZWILCH/CCNB1/KIF2C/AURKB/ESPL1/KIF5C/GEM/RACGAP1/HDAC3/ARFGAP2/SYNJ1/SPAST/ZWINT/CENPA/NDC80/TESK1/NUSAP1/KPNB1/NEFL/C17orf75/KIFC1/SYBU/RBM10/TRAPPC9/CADPS2/PSRC1/VPS4B/TMEM201",36
"GO:1902100","negative regulation of metaphase/anaphase transition of cell cycle","10/632","53/18986",0.188679245283019,5.66813947934082,6.31495874067377,8.32853367109962e-06,0.000650774389610749,0.000583148510038155,"CENPF/BUB1/BIRC5/ZWILCH/CCNB1/AURKB/FBXO5/ZWINT/DUSP1/NDC80",10
"GO:1905819","negative regulation of chromosome separation","10/632","53/18986",0.188679245283019,5.66813947934082,6.31495874067377,8.32853367109962e-06,0.000650774389610749,0.000583148510038155,"CENPF/BUB1/BIRC5/ZWILCH/CCNB1/AURKB/FBXO5/ZWINT/DUSP1/NDC80",10
"GO:0030099","myeloid cell differentiation","34/632","451/18986",0.0753880266075388,2.26474220438407,5.04420192032324,8.66771522113233e-06,0.000665798057324944,0.000596610978111125,"MIR222/DHRS2/ITGB6/MYC/HSPA1A/LYN/HSPA1B/EP300/PTPN2/CSF1/NEDD9/APP/MIR221/INHBA/CDK6/RACGAP1/NBEAL2/MIR223/LIF/HLA-DRB1/SLC4A2/TMEM14C/PURB/B2M/NCAPG2/HMGB2/NDFIP1/RUNX1/RCOR1/PIAS3/SLC25A38/TGFBR2/UFL1/RPS14",34
"GO:0051306","mitotic sister chromatid separation","11/632","65/18986",0.169230769230769,5.08388510223953,6.12007334097389,8.90132262977827e-06,0.000672346569302585,0.000602478994836571,"CENPF/BUB1/BIRC5/ZWILCH/CCNB1/AURKB/ESPL1/FBXO5/ZWINT/DUSP1/NDC80",11
"GO:0008608","attachment of spindle microtubules to kinetochore","10/632","54/18986",0.185185185185185,5.5631739334271,6.23109153630744,9.91986286470744e-06,0.000725109975852486,0.000649759438574556,"CENPE/BIRC5/ECT2/CDK1/ZWILCH/CCNB1/KIF2C/AURKB/RACGAP1/NDC80",10
"GO:0051985","negative regulation of chromosome segregation","10/632","54/18986",0.185185185185185,5.5631739334271,6.23109153630744,9.91986286470744e-06,0.000725109975852486,0.000649759438574556,"CENPF/BUB1/BIRC5/ZWILCH/CCNB1/AURKB/FBXO5/ZWINT/DUSP1/NDC80",10
"GO:0002262","myeloid cell homeostasis","19/632","183/18986",0.103825136612022,3.11902538562634,5.3449864376156,1.19375812105021e-05,0.000852042095686093,0.000763501278663294,"MIR222/HSPA1A/LYN/HSPA1B/PTPN2/CSF1/MIR221/INHBA/CDK6/RACGAP1/TMEM14C/B2M/NCAPG2/HMGB2/GPI/RCOR1/SLC25A38/UFL1/RPS14",19
"GO:0051784","negative regulation of nuclear division","11/632","67/18986",0.164179104477612,4.93212733799358,5.98293607357776,1.20323685180737e-05,0.000852042095686093,0.000763501278663294,"CENPF/BUB1/BIRC5/ZWILCH/CCNB1/AURKB/LIF/FBXO5/ZWINT/DUSP1/NDC80",11
"GO:0045786","negative regulation of cell cycle","32/632","419/18986",0.0763723150357995,2.29431135011027,4.97133899445544,1.22498111574746e-05,0.000854094525625766,0.000765340428267804,"CENPF/BUB1/HUS1/BIRC5/CLSPN/LYN/MIR193A/GMNN/CDC6/STK38/CDK1/MIR15A/MIR10A/ZWILCH/CCNB1/AURKB/ESPL1/INHBA/CDK6/FAM107A/LIF/FBXO5/ZWINT/BRD4/DUSP1/NDC80/GNB1L/RHOB/GTSE1/RBM38/RFWD3/UFL1",32
"GO:0010389","regulation of G2/M transition of mitotic cell cycle","14/632","107/18986",0.130841121495327,3.93061634922513,5.64104858104623,1.24560386114611e-05,0.000855314651320332,0.000766433763365504,"CENPF/RRM1/HUS1/CLSPN/CDC6/CDK1/CCNB1/APP/AURKB/CDK6/FBXO5/BRD4/CDC25C/VPS4B",14
"GO:0045637","regulation of myeloid cell differentiation","21/632","219/18986",0.0958904109589041,2.88065718744581,5.19436836264205,1.44462059050828e-05,0.000977167241221422,0.000875623918017431,"MIR222/MYC/HSPA1A/LYN/HSPA1B/PTPN2/CSF1/NEDD9/MIR221/INHBA/CDK6/MIR223/LIF/HLA-DRB1/PURB/B2M/HMGB2/NDFIP1/RUNX1/RCOR1/PIAS3",21
"GO:0032465","regulation of cytokinesis","13/632","95/18986",0.136842105263158,4.11089273817455,5.64050309635518,1.55089851749158e-05,0.00103362824724586,0.00092621772143692,"KIF23/BIRC5/CDC6/ECT2/CIT/KIF20A/AURKB/RACGAP1/AHCTF1/SPAST/UVRAG/WNK1/PRKCE",13
"GO:0045646","regulation of erythrocyte differentiation","9/632","46/18986",0.195652173913043,5.8776141992295,6.14603247923879,1.73423867963381e-05,0.00113906807189861,0.00102070065995839,"MIR222/HSPA1A/LYN/HSPA1B/MIR221/INHBA/CDK6/B2M/HMGB2",9
"GO:0045839","negative regulation of mitotic nuclear division","10/632","59/18986",0.169491525423729,5.09171851534006,5.84102870156378,2.24253343635819e-05,0.00145188021908219,0.00130100661616089,"CENPF/BUB1/BIRC5/ZWILCH/CCNB1/AURKB/FBXO5/ZWINT/DUSP1/NDC80",10
"GO:1903706","regulation of hemopoiesis","32/632","433/18986",0.0739030023094688,2.22013038267021,4.76586343748904,2.35725833632773e-05,0.00150466123665314,0.00134830284085284,"MIR222/MYC/HSPA1A/HLA-B/SOS1/LYN/HSPA1B/EP300/PTPN2/CSF1/NEDD9/SMARCA2/MIR221/PNP/INHBA/CDK6/MIR223/SOX4/LIF/HLA-DRB1/SLC4A2/PURB/ZMIZ1/B2M/BRD4/ARID1A/HMGB2/NDFIP1/RUNX1/RCOR1/PIAS3/TGFBR2",32
"GO:0007094","mitotic spindle assembly checkpoint signaling","9/632","49/18986",0.183673469387755,5.51776026866443,5.87576081102141,2.95866176853746e-05,0.00181198042365024,0.00162368664338798,"CENPF/BUB1/BIRC5/ZWILCH/CCNB1/AURKB/ZWINT/DUSP1/NDC80",9
"GO:0071173","spindle assembly checkpoint signaling","9/632","49/18986",0.183673469387755,5.51776026866443,5.87576081102141,2.95866176853746e-05,0.00181198042365024,0.00162368664338798,"CENPF/BUB1/BIRC5/ZWILCH/CCNB1/AURKB/ZWINT/DUSP1/NDC80",9
"GO:0071174","mitotic spindle checkpoint signaling","9/632","49/18986",0.183673469387755,5.51776026866443,5.87576081102141,2.95866176853746e-05,0.00181198042365024,0.00162368664338798,"CENPF/BUB1/BIRC5/ZWILCH/CCNB1/AURKB/ZWINT/DUSP1/NDC80",9
"GO:0031577","spindle checkpoint signaling","9/632","50/18986",0.18,5.40740506329114,5.79058341530412,3.50275527911487e-05,0.00211659825665981,0.0018966498058702,"CENPF/BUB1/BIRC5/ZWILCH/CCNB1/AURKB/ZWINT/DUSP1/NDC80",9
"GO:0090307","mitotic spindle assembly","11/632","76/18986",0.144736842105263,4.34805962691539,5.42691090639449,4.09021954125194e-05,0.00243906249486234,0.00218560484628116,"KIF23/TPX2/HSPA1A/BIRC5/HSPA1B/AURKB/RACGAP1/KPNB1/KIFC1/VPS4B/KIF11",11
"GO:1902749","regulation of cell cycle G2/M phase transition","14/632","120/18986",0.116666666666667,3.50479957805907,5.10766218291468,4.61157569412986e-05,0.00271424169425929,0.00243218852056774,"CENPF/RRM1/HUS1/CLSPN/CDC6/CDK1/CCNB1/APP/AURKB/CDK6/FBXO5/BRD4/CDC25C/VPS4B",14
"GO:0007093","mitotic cell cycle checkpoint signaling","16/632","152/18986",0.105263157894737,3.16222518321119,4.96649392235772,4.85832336522212e-05,0.00282281044758803,0.00252947524197395,"CENPF/BUB1/HUS1/BIRC5/CLSPN/CDC6/CDK1/ZWILCH/CCNB1/AURKB/ZWINT/DUSP1/NDC80/GTSE1/RBM38/RFWD3",16
"GO:0007088","regulation of mitotic nuclear division","14/632","121/18986",0.115702479338843,3.47583429228999,5.06972416262587,5.05847016841827e-05,0.00290189706370526,0.00260034349230615,"CENPF/BUB1/BIRC5/MKI67/ZWILCH/CCNB1/AURKB/ESPL1/FBXO5/ZWINT/DUSP1/NDC80/NUSAP1/CDC25C",14
"GO:0051231","spindle elongation","5/632","14/18986",0.357142857142857,10.7289783001808,6.75729953782778,6.27280140337654e-05,0.00355354199501281,0.0031842720808193,"KIF23/BIRC5/AURKB/RACGAP1/KIF11",5
"GO:1905820","positive regulation of chromosome separation","7/632","32/18986",0.21875,6.57149920886076,5.85322340332358,7.13426381128877e-05,0.00399166464108157,0.00357686676854478,"SMC4/BIRC5/NCAPG/AURKB/ESPL1/NCAPD2/NCAPG2",7
"GO:0035264","multicellular organism growth","16/632","158/18986",0.10126582278481,3.04214068258292,4.78311234991381,7.75558848185617e-05,0.00428638134143563,0.00384095768459577,"SOS1/EP300/RBBP6/CSF1/APP/PTCH1/ADRB2/HDAC3/STIL/SLC1A2/HEG1/PIK3CA/GPX4/GPAT4/GHR/ATRN",16
"GO:0006474","N-terminal protein amino acid acetylation","5/632","15/18986",0.333333333333333,10.0137130801688,6.48041357990159,9.15201530246388e-05,0.00499722088563449,0.00447792961787009,"CREBBP/EP300/SOX4/NAA50/NAA20",5
"GO:0140694","non-membrane-bounded organelle assembly","30/632","425/18986",0.0705882352941176,2.12055100521221,4.33534721322932,9.69119361395454e-05,0.00522862969743357,0.00468529134870133,"CENPF/KIF23/TPX2/HSPA1A/CENPE/EIF2S1/LCP1/BIRC5/GRB7/NEK7/HSPA1B/CCNB2/AURKB/AUP1/RACGAP1/CNOT1/HDAC3/FBXO5/NEB/STIL/WNK1/CENPA/MIR1-1/NDC80/KPNB1/ANLN/KIFC1/VPS4B/RPS14/KIF11",30
"GO:0022411","cellular component disassembly","31/632","450/18986",0.0688888888888889,2.06950070323488,4.26066900815598,0.000116137187240678,0.006192161559703,0.0055486968219757,"TOP2A/MYC/ATAD2/MAP1B/TPX2/AIFM1/LCP1/STMN1/MMP7/CDK1/SMCR8/NEDD9/MRRF/KIF2C/AURKB/CKAP5/ADRB2/SYNJ1/SPAST/ADD3/UVRAG/ARID1A/WNK1/CTSV/PIK3CA/DUSP3/HBS1L/CALCOCO2/PLEKHH2/VPS4B/UFL1",31
"GO:2001251","negative regulation of chromosome organization","12/632","101/18986",0.118811881188119,3.56924426619877,4.80403391234707,0.000133127041648752,0.00701548549711798,0.0062864642188603,"TOP2A/CENPF/BUB1/BIRC5/ZWILCH/CCNB1/AURKB/ESPL1/FBXO5/ZWINT/DUSP1/NDC80",12
"GO:0090231","regulation of spindle checkpoint","6/632","25/18986",0.24,7.20987341772152,5.76528271694455,0.000136943649058073,0.00713366227047341,0.00639236053316449,"BIRC5/CCNB1/AURKB/ZWINT/DUSP1/NDC80",6
"GO:0045930","negative regulation of mitotic cell cycle","21/632","256/18986",0.08203125,2.46431220332278,4.37706757907503,0.00014125543533406,0.00727465491970411,0.00651870178850246,"CENPF/BUB1/HUS1/BIRC5/CLSPN/MIR193A/CDC6/CDK1/MIR15A/ZWILCH/CCNB1/AURKB/INHBA/FAM107A/FBXO5/ZWINT/DUSP1/NDC80/GTSE1/RBM38/RFWD3",21
"GO:0030261","chromosome condensation","8/632","47/18986",0.170212765957447,5.11338540263938,5.23923990989277,0.000143936850894694,0.00732945851971635,0.00656781041693354,"TOP2A/SMC4/AIFM1/CDK1/NCAPG/NCAPD2/NCAPG2/NUSAP1",8
"GO:0051783","regulation of nuclear division","15/632","151/18986",0.0993377483443709,2.98421912985162,4.54248780363426,0.000159626596861453,0.00803808596640119,0.00720280012504663,"CENPF/BUB1/BIRC5/MKI67/ZWILCH/CCNB1/AURKB/ESPL1/LIF/FBXO5/ZWINT/DUSP1/NDC80/NUSAP1/CDC25C",15
"GO:0051495","positive regulation of cytoskeleton organization","17/632","186/18986",0.0913978494623656,2.74569552198176,4.43960693929355,0.00016666297991852,0.00826343182012412,0.00740472893622866,"MAP1B/HSPA1A/HSPA1B/AURKB/AMOT/CKAP5/SPAST/BAG4/ADD3/STIL/MIR1-1/TESK1/BIN1/PRKCE/S100A10/PSRC1/VPS4B",17
"GO:1901976","regulation of cell cycle checkpoint","8/632","48/18986",0.166666666666667,5.00685654008439,5.15769708537439,0.000167748395289369,0.00826343182012412,0.00740472893622866,"BIRC5/CCNB1/AURKB/ZWINT/BRD4/DUSP1/NDC80/RFWD3",8
"GO:0051315","attachment of mitotic spindle microtubules to kinetochore","6/632","26/18986",0.230769230769231,6.932570593963,5.61705787258636,0.000173050442786994,0.00843295276032965,0.00755663393630134,"CENPE/BIRC5/CDK1/KIF2C/AURKB/NDC80",6
"GO:0032506","cytokinetic process","8/632","49/18986",0.163265306122449,4.90467579436838,5.07838832693887,0.000194706790919417,0.00931258278050806,0.00834485631235195,"IQGAP2/ECT2/KIF20A/AURKB/RACGAP1/SPAST/ANLN/VPS4B",8
"GO:0048145","regulation of fibroblast proliferation","11/632","90/18986",0.122222222222222,3.67169479606188,4.71434797330775,0.000195210804092733,0.00931258278050806,0.00834485631235195,"MYC/EMD/CDC6/IFI30/CCNB1/CDK6/SOD2/LIF/ZMIZ1/NGFR/SKI",11
"GO:0031365","N-terminal protein amino acid modification","6/632","27/18986",0.222222222222222,6.67580872011252,5.47646600198021,0.00021627811724419,0.0100628773938832,0.00901718330134281,"CREBBP/EP300/PPM1A/SOX4/NAA50/NAA20",6
"GO:0014012","peripheral nervous system axon regeneration","4/632","10/18986",0.4,12.0164556962025,6.46603472471429,0.000217599731818304,0.0100628773938832,0.00901718330134281,"MIR222/MAP1B/MIR221/NEFL",4
"GO:0044837","actomyosin contractile ring organization","4/632","10/18986",0.4,12.0164556962025,6.46603472471429,0.000217599731818304,0.0100628773938832,0.00901718330134281,"IQGAP2/ECT2/RACGAP1/ANLN",4
"GO:0031112","positive regulation of microtubule polymerization or depolymerization","7/632","38/18986",0.184210526315789,5.53389407061959,5.19134576422789,0.000224962597704689,0.0101953049279765,0.00913584949415465,"MAP1B/HSPA1A/HSPA1B/AURKB/CKAP5/SPAST/PSRC1",7
"GO:0043243","positive regulation of protein-containing complex disassembly","7/632","38/18986",0.184210526315789,5.53389407061959,5.19134576422789,0.000224962597704689,0.0101953049279765,0.00913584949415465,"SMCR8/AURKB/ADRB2/SPAST/UVRAG/WNK1/CALCOCO2",7
"GO:2000045","regulation of G1/S transition of mitotic cell cycle","17/632","191/18986",0.0890052356020942,2.67381867585658,4.31422115462686,0.000229062478156284,0.0102658781537674,0.00919908903173564,"MIR222/RRM1/MIR193A/CDC6/MIR15A/SMARCA2/MIR221/INHBA/FAM107A/MEPCE/ARID1A/STIL/TFDP1/GTSE1/RBM38/PSME1/RFWD3",17
"GO:0045639","positive regulation of myeloid cell differentiation","12/632","107/18986",0.11214953271028,3.36909972790725,4.56020340635914,0.00023105021440518,0.0102658781537674,0.00919908903173564,"MIR222/HSPA1A/HSPA1B/CSF1/NEDD9/MIR221/INHBA/LIF/HLA-DRB1/HMGB2/RUNX1/RCOR1",12
"GO:0055017","cardiac muscle tissue growth","11/632","92/18986",0.119565217391304,3.59187534397358,4.6242844931267,0.000237546238093265,0.0104520344761037,0.00936590073136245,"MIR222/MIR23A/CDK1/MIR200B/GATA6/MIR1-1/HEG1/SKI/RUNX1/PPARA/VGLL4",11
"GO:0048144","fibroblast proliferation","12/632","109/18986",0.110091743119266,3.30728138427593,4.48276321331889,0.000275023652893691,0.0119846845664828,0.010739283935869,"MYC/EMD/CDC6/IFI30/CDK1/CCNB1/CDK6/SOD2/LIF/ZMIZ1/NGFR/SKI",12
"GO:0031109","microtubule polymerization or depolymerization","14/632","142/18986",0.0985915492957746,2.96180246033161,4.35423009783373,0.000282897626149969,0.0122104003972539,0.0109415442775597,"MAP1B/TPX2/HSPA1A/STMN1/MAP2/HSPA1B/KIF2C/AURKB/CKAP5/FBXO5/SPAST/TUBG1/RANBP9/PSRC1",14
"GO:0040014","regulation of multicellular organism growth","9/632","65/18986",0.138461538461538,4.1595423563778,4.73486164788077,0.000286865879222906,0.012264869477719,0.0109903531483811,"CSF1/APP/PTCH1/ADRB2/HDAC3/PIK3CA/GPAT4/GHR/ATRN",9
"GO:0010639","negative regulation of organelle organization","26/632","371/18986",0.0700808625336927,2.10530894946945,3.98967571450366,0.000310416243476369,0.0131477235087374,0.0117814645089211,"TOP2A/CENPF/MAP1B/TPX2/HSPA1A/BUB1/BIRC5/STMN1/PHLDB2/MAP2/SMCR8/ZWILCH/CCNB1/AURKB/ESPL1/LIF/FBXO5/ADD3/ZWINT/DUSP1/NDC80/TESK1/PIK3CA/TBC1D4/MPHOSPH9/PLEKHH2",26
"GO:0051256","mitotic spindle midzone assembly","4/632","11/18986",0.363636363636364,10.9240506329114,6.10932034114402,0.000332952253327359,0.013971663074811,0.012519783560789,"KIF23/BIRC5/AURKB/RACGAP1",4
"GO:0002761","regulation of myeloid leukocyte differentiation","13/632","130/18986",0.1,3.00411392405063,4.25468853496196,0.000402461121182528,0.0167335211119194,0.0149946403237295,"MYC/LYN/PTPN2/CSF1/NEDD9/INHBA/CDK6/MIR223/LIF/HLA-DRB1/NDFIP1/RUNX1/PIAS3",13
"GO:1902105","regulation of leukocyte differentiation","24/632","337/18986",0.0712166172106825,2.13942831386395,3.91627030189305,0.00041409803488337,0.0170608390371948,0.0152879446754071,"MYC/HLA-B/SOS1/LYN/EP300/PTPN2/CSF1/NEDD9/SMARCA2/PNP/INHBA/CDK6/MIR223/SOX4/LIF/HLA-DRB1/SLC4A2/ZMIZ1/BRD4/ARID1A/NDFIP1/RUNX1/PIAS3/TGFBR2",24
"GO:0032984","protein-containing complex disassembly","20/632","258/18986",0.0775193798449612,2.32877048376018,3.98760931023188,0.000422953863863814,0.0172522663099589,0.0154594795893114,"MYC/ATAD2/MAP1B/TPX2/STMN1/SMCR8/KIF2C/AURKB/CKAP5/ADRB2/SYNJ1/SPAST/ADD3/UVRAG/ARID1A/WNK1/PIK3CA/CALCOCO2/PLEKHH2/VPS4B",20
"GO:1902806","regulation of cell cycle G1/S phase transition","18/632","220/18986",0.0818181818181818,2.45791139240506,4.03603654748414,0.000426357861146381,0.0172522663099589,0.0154594795893114,"MIR222/RRM1/MIR193A/CDC6/MIR15A/MIR10A/SMARCA2/MIR221/INHBA/FAM107A/MEPCE/ARID1A/STIL/TFDP1/GTSE1/RBM38/PSME1/RFWD3",18
"GO:0070507","regulation of microtubule cytoskeleton organization","15/632","166/18986",0.0903614457831325,2.71456077474455,4.11713961532806,0.000447424709962823,0.0179251499145039,0.0160624398128294,"MAP1B/TPX2/HSPA1A/STMN1/PHLDB2/MAP2/HSPA1B/AURKB/CKAP5/FAM107A/RAE1/SPAST/STIL/PSRC1/VPS4B",15
"GO:0048872","homeostasis of number of cells","24/632","339/18986",0.0707964601769911,2.12680631791195,3.88457144376614,0.000450897416207732,0.0179251499145039,0.0160624398128294,"MIR222/HSPA1A/SOS1/LYN/HSPA1B/MUC2/PTPN2/CSF1/MIR221/CCNB2/INHBA/CDK6/RACGAP1/SOX4/TMEM14C/B2M/NCAPG2/HMGB2/GPI/RCOR1/SLC25A38/CDH2/UFL1/RPS14",24
"GO:0000022","mitotic spindle elongation","4/632","12/18986",0.333333333333333,10.0137130801688,5.79579987030352,0.00048631259478581,0.0188373391416179,0.0168798379728624,"KIF23/BIRC5/AURKB/RACGAP1",4
"GO:0090677","reversible differentiation","4/632","12/18986",0.333333333333333,10.0137130801688,5.79579987030352,0.00048631259478581,0.0188373391416179,0.0168798379728624,"MIR182/MIR221/SOD2/MIR1-1",4
"GO:1905461","positive regulation of vascular associated smooth muscle cell apoptotic process","4/632","12/18986",0.333333333333333,10.0137130801688,5.79579987030352,0.00048631259478581,0.0188373391416179,0.0168798379728624,"SOD2/MIR1-1/RBM10/MFN2",4
"GO:0060419","heart growth","11/632","100/18986",0.11,3.3045253164557,4.28755759474491,0.000492727611004948,0.0189240807887663,0.0169575657739259,"MIR222/MIR23A/CDK1/MIR200B/GATA6/MIR1-1/HEG1/SKI/RUNX1/PPARA/VGLL4",11
"GO:0009743","response to carbohydrate","19/632","243/18986",0.0781893004115226,2.34889566078033,3.92699563020254,0.000525156711238327,0.0198429970124616,0.0177809918878796,"MAP1B/MIR320A/KLF7/LYN/MIR15A/SLC29A1/MIR221/TXNIP/PIH1D1/SOD2/SOX4/HLA-DRB1/PIK3CA/COL6A3/PRKCE/PIM3/PPARA/SYBU/COL6A2",19
"GO:0051383","kinetochore organization","5/632","21/18986",0.238095238095238,7.15265220012055,5.23472734266347,0.000525410335722725,0.0198429970124616,0.0177809918878796,"CENPF/SMC4/CENPE/CENPA/NDC80",5
"GO:0046785","microtubule polymerization","11/632","101/18986",0.108910891089109,3.27180724401554,4.24787910832377,0.00053667879170404,0.0201010601983695,0.018012238176548,"MAP1B/TPX2/HSPA1A/STMN1/MAP2/HSPA1B/CKAP5/FBXO5/TUBG1/RANBP9/PSRC1",11
"GO:0046822","regulation of nucleocytoplasmic transport","12/632","118/18986",0.101694915254237,3.05503110920403,4.15522884115101,0.000571307823099031,0.0211778466309288,0.018977129256776,"EMD/NEAT1/PPP1CC/ECT2/CDK1/EP300/PPM1A/HDAC3/PTPN14/WNK1/RBM10/MAVS",12
"GO:0060236","regulation of mitotic spindle organization","7/632","44/18986",0.159090909090909,4.77927215189873,4.65714827875337,0.000574773860459896,0.0211778466309288,0.018977129256776,"TPX2/HSPA1A/HSPA1B/RAE1/STIL/PSRC1/VPS4B",7
"GO:0048638","regulation of developmental growth","23/632","325/18986",0.0707692307692308,2.12598831548199,3.79932621346445,0.000591135032449486,0.021605031992428,0.0193599232189314,"MIR222/MAP1B/NRCAM/NEDD4L/MAP2/CDK1/CSF1/APP/MIR200B/PTCH1/ADRB2/HDAC3/GATA6/MIR1-1/AGRN/RUNX1/PIK3CA/PPARA/AGR2/VGLL4/GPAT4/GHR/ATRN",23
"GO:0051302","regulation of cell division","16/632","190/18986",0.0842105263157895,2.52978014656895,3.93252578455009,0.000639106745506926,0.0231714541650991,0.0207635690456061,"KIF23/MYC/BIRC5/CDC6/ECT2/CIT/KIF20A/AURKB/TXNIP/PTCH1/RACGAP1/AHCTF1/SPAST/UVRAG/WNK1/PRKCE",16
"GO:0000212","meiotic spindle organization","5/632","22/18986",0.227272727272727,6.82753164556962,5.07492331101315,0.000661465269578394,0.0237917508073752,0.0213194069342811,"CCNB2/ESPL1/FBXO5/TUBG1/NDC80",5
"GO:0045648","positive regulation of erythrocyte differentiation","6/632","33/18986",0.181818181818182,5.4620253164557,4.76045533638297,0.000682995978974158,0.024031023858176,0.021533815683756,"MIR222/HSPA1A/HSPA1B/MIR221/INHBA/HMGB2",6
"GO:0060623","regulation of chromosome condensation","4/632","13/18986",0.307692307692308,9.24342745861733,5.51708874098352,0.000684025171602979,0.024031023858176,0.021533815683756,"SMC4/NCAPG/NCAPD2/NCAPG2",4
"GO:1903490","positive regulation of mitotic cytokinesis","4/632","13/18986",0.307692307692308,9.24342745861733,5.51708874098352,0.000684025171602979,0.024031023858176,0.021533815683756,"BIRC5/ECT2/AURKB/WNK1",4
"GO:0007179","transforming growth factor beta receptor signaling pathway","19/632","250/18986",0.076,2.28312658227848,3.78965385831672,0.000741788614193562,0.0258598923040402,0.0231726354134313,"ITGB6/PMEPA1/HSPA1A/CREBBP/EP300/ITGB5/PPM1A/PEG10/LTBP1/NLK/MIR183/ONECUT2/ZMIZ1/SKI/SNX25/PPARA/RNF111/TGFBR2/LEMD3",19
"GO:0051261","protein depolymerization","12/632","122/18986",0.0983606557377049,2.9548661548039,4.01956008790156,0.000770870396752512,0.0266685850235297,0.0238972920102145,"MAP1B/TPX2/STMN1/KIF2C/AURKB/CKAP5/SYNJ1/SPAST/ADD3/PIK3CA/PLEKHH2/VPS4B",12
"GO:0051258","protein polymerization","21/632","293/18986",0.0716723549488055,2.15311919471206,3.69119496528028,0.000856554425016008,0.0294083685922163,0.0263523681954686,"MAP1B/TPX2/HSPA1A/STMN1/MAP2/HSPA1B/VDAC2/CKAP5/COBL/FAM107A/FBXO5/BAG4/TUBG1/ADD3/MSRB1/RANBP9/NEFL/BIN1/PRKCE/GPX4/PSRC1",21
"GO:1902905","positive regulation of supramolecular fiber organization","15/632","177/18986",0.0847457627118644,2.54585925767003,3.83417743829091,0.000874185817254341,0.029788046043584,0.0266925910800732,"MAP1B/HSPA1A/HSPA1B/APP/AURKB/AMOT/CKAP5/SPAST/BAG4/MIR1-1/TESK1/BIN1/PRKCE/S100A10/PSRC1",15
"GO:0014009","glial cell proliferation","8/632","61/18986",0.131147540983607,3.93982153973853,4.2674301104586,0.000896275746339333,0.0300883087585915,0.0269616516910499,"MIR222/LYN/PPP1CC/CSF1/MIR221/SOX4/SKI/UFL1",8
"GO:0060038","cardiac muscle cell proliferation","8/632","61/18986",0.131147540983607,3.93982153973853,4.2674301104586,0.000896275746339333,0.0300883087585915,0.0269616516910499,"MIR222/CDK1/MIR200B/GATA6/MIR1-1/SKI/RUNX1/VGLL4",8
"GO:0051255","spindle midzone assembly","4/632","14/18986",0.285714285714286,8.58318264014467,5.26692885609178,0.000932544034630665,0.0310756585657807,0.0278464000433832,"KIF23/BIRC5/AURKB/RACGAP1",4
"GO:0090224","regulation of spindle organization","7/632","48/18986",0.145833333333333,4.38099947257384,4.35208272392482,0.000984609349596315,0.0322494298341939,0.0288981976820551,"TPX2/HSPA1A/HSPA1B/RAE1/STIL/PSRC1/VPS4B",7
"GO:0010257","NADH dehydrogenase complex assembly","8/632","62/18986",0.129032258064516,3.87627603103307,4.20938271541792,0.000999591839003859,0.0322494298341939,0.0288981976820551,"AIFM1/NDUFAB1/NDUFB2/NDUFA11/NDUFS4/COA1/NDUFB10/NDUFA10",8
"GO:0032981","mitochondrial respiratory chain complex I assembly","8/632","62/18986",0.129032258064516,3.87627603103307,4.20938271541792,0.000999591839003859,0.0322494298341939,0.0288981976820551,"AIFM1/NDUFAB1/NDUFB2/NDUFA11/NDUFS4/COA1/NDUFB10/NDUFA10",8
"GO:0060252","positive regulation of glial cell proliferation","5/632","24/18986",0.208333333333333,6.25857067510549,4.78332336328237,0.00101046315897077,0.0322494298341939,0.0288981976820551,"MIR222/LYN/PPP1CC/MIR221/UFL1",5
"GO:0090266","regulation of mitotic cell cycle spindle assembly checkpoint","5/632","24/18986",0.208333333333333,6.25857067510549,4.78332336328237,0.00101046315897077,0.0322494298341939,0.0288981976820551,"BIRC5/CCNB1/AURKB/DUSP1/NDC80",5
"GO:1903504","regulation of mitotic spindle checkpoint","5/632","24/18986",0.208333333333333,6.25857067510549,4.78332336328237,0.00101046315897077,0.0322494298341939,0.0288981976820551,"BIRC5/CCNB1/AURKB/DUSP1/NDC80",5
"GO:0034284","response to monosaccharide","17/632","218/18986",0.0779816513761468,2.34265764719545,3.69984061335283,0.00104229433041894,0.0330327126255849,0.0296000848491445,"MIR320A/KLF7/MIR15A/SLC29A1/MIR221/TXNIP/PIH1D1/SOD2/SOX4/HLA-DRB1/PIK3CA/COL6A3/PRKCE/PIM3/PPARA/SYBU/COL6A2",17
"GO:0006913","nucleocytoplasmic transport","23/632","340/18986",0.0676470588235294,2.03219471332837,3.56374585470925,0.00108828996848834,0.0337817132684188,0.0302712523318529,"CSE1L/EMD/NEAT1/PPP1CC/ECT2/CDK1/EP300/PPM1A/TXNIP/FAM53C/NUP188/RAE1/HDAC3/AHCTF1/PTPN14/WNK1/ALYREF/NFATC3/KPNB1/RSRC1/RBM10/GLE1/MAVS",23
"GO:0048545","response to steroid hormone","23/632","340/18986",0.0676470588235294,2.03219471332837,3.56374585470925,0.00108828996848834,0.0337817132684188,0.0302712523318529,"PMEPA1/HSPA1A/AIFM1/HSPA1B/EP300/TXNIP/INHBA/SAFB2/FAM107A/RPL27/CNOT1/KDM1A/REST/ZMIZ1/HMGB2/NEFL/GPI/PIK3CA/SRD5A1/PPARA/SCNN1A/GHR/UFL1",23
"GO:0051169","nuclear transport","23/632","340/18986",0.0676470588235294,2.03219471332837,3.56374585470925,0.00108828996848834,0.0337817132684188,0.0302712523318529,"CSE1L/EMD/NEAT1/PPP1CC/ECT2/CDK1/EP300/PPM1A/TXNIP/FAM53C/NUP188/RAE1/HDAC3/AHCTF1/PTPN14/WNK1/ALYREF/NFATC3/KPNB1/RSRC1/RBM10/GLE1/MAVS",23
"GO:0060043","regulation of cardiac muscle cell proliferation","7/632","49/18986",0.142857142857143,4.29159132007233,4.28101584285632,0.00111625977604247,0.0344142129593501,0.0308380251770271,"MIR222/CDK1/MIR200B/GATA6/MIR1-1/RUNX1/VGLL4",7
"GO:0009144","purine nucleoside triphosphate metabolic process","19/632","259/18986",0.0733590733590734,2.20379013733444,3.61963712406,0.00112992487962319,0.0346001321246776,0.0310046243640559,"HSPA1A/NUDT16/HSPA1B/EP300/APP/NDUFAB1/PFKP/MFN1/NT5E/JMJD8/GPI/NDUFB2/NDUFA11/PPARA/NDUFS4/PGM1/NDUFB10/SLC25A13/NDUFA10",19
"GO:0006470","protein dephosphorylation","13/632","146/18986",0.089041095890411,2.67489595977111,3.76983454520873,0.00120493793892591,0.0366495217396795,0.0328410495823114,"PTPN9/DUSP4/PPP1CC/PTPN2/PPM1A/PTPN14/DUSP1/PTP4A2/CDC25C/PTPN18/DUSP3/PPP2R5E/PTPRH",13
"GO:0044771","meiotic cell cycle phase transition","4/632","15/18986",0.266666666666667,8.01097046413502,5.04054076272182,0.00123837090066922,0.0374153128122194,0.0335272627002235,"CCNB2/ZWINT/NDC80/CDC25C",4
"GO:0043244","regulation of protein-containing complex disassembly","12/632","129/18986",0.0930232558139535,2.79452458051222,3.794953355534,0.00125955328310571,0.0376928127713634,0.0337759259701584,"MAP1B/TPX2/SMCR8/AURKB/ADRB2/SPAST/ADD3/UVRAG/WNK1/PIK3CA/CALCOCO2/PLEKHH2",12
"GO:0016311","dephosphorylation","17/632","222/18986",0.0765765765765766,2.30044759949823,3.61663856210829,0.0012716172214826,0.0376928127713634,0.0337759259701584,"PTPN9/DUSP4/PPP1CC/PTPN2/PPM1A/INPP5B/SYNJ1/BAG4/PTPN14/DUSP1/PTP4A2/CDC25C/PTPN18/DUSP3/PPP2R5E/MTMR12/PTPRH",17
"GO:0007159","leukocyte cell-cell adhesion","27/632","430/18986",0.0627906976744186,1.88630409184575,3.44963603939019,0.00128021615482148,0.0376928127713634,0.0337759259701584,"MIR222/LYN/EP300/PTPN2/SMARCA2/MIR221/PNP/SOX4/HLA-DRB1/SLC4A2/ZMIZ1/B2M/CERCAM/BRD4/ARID1A/WNK1/NT5E/PELI1/NDFIP1/RUNX1/PIK3CA/SLC7A1/DUSP3/PPARA/NFAT5/TGFBR2/UFL1",27
"GO:0010661","positive regulation of muscle cell apoptotic process","6/632","37/18986",0.162162162162162,4.87153609305508,4.37410800855123,0.00128082373494924,0.0376928127713634,0.0337759259701584,"MIR320A/SOD2/GATA6/MIR1-1/RBM10/MFN2",6
"GO:0007019","microtubule depolymerization","7/632","51/18986",0.137254901960784,4.12329362124597,4.14441964602747,0.0014207387642062,0.0415405682540807,0.0372238380462311,"MAP1B/TPX2/STMN1/KIF2C/AURKB/CKAP5/SPAST",7
"GO:0031396","regulation of protein ubiquitination","16/632","205/18986",0.0780487804878049,2.34467428218586,3.59197370828413,0.00143353778382995,0.0416461104892136,0.037318412753144,"HSPA1A/HSPA1B/RBCK1/FAM107A/FANCI/SOX4/KDM1A/HDAC3/FBXO5/WNK1/TICAM1/PELI1/NDFIP1/PRKCE/RNF111/UFL1",16
"GO:1903037","regulation of leukocyte cell-cell adhesion","25/632","392/18986",0.0637755102040816,1.91588898217515,3.4001488597814,0.00154222761104507,0.0445183154984475,0.0398921496708808,"MIR222/LYN/EP300/PTPN2/SMARCA2/MIR221/PNP/SOX4/HLA-DRB1/SLC4A2/ZMIZ1/B2M/BRD4/ARID1A/WNK1/PELI1/NDFIP1/RUNX1/PIK3CA/SLC7A1/DUSP3/PPARA/NFAT5/TGFBR2/UFL1",25
"GO:1902412","regulation of mitotic cytokinesis","4/632","16/18986",0.25,7.51028481012658,4.83420196385598,0.00160799968959345,0.0461231303369462,0.041330198550643,"BIRC5/ECT2/AURKB/WNK1",4
"GO:0002573","myeloid leukocyte differentiation","18/632","247/18986",0.0728744939271255,2.18923281914621,3.49092592193588,0.00162349874588645,0.0462748195997321,0.0414661248701088,"DHRS2/ITGB6/MYC/LYN/PTPN2/CSF1/NEDD9/APP/INHBA/CDK6/MIR223/LIF/HLA-DRB1/SLC4A2/NDFIP1/RUNX1/PIAS3/TGFBR2",18
"GO:0051781","positive regulation of cell division","10/632","99/18986",0.101010101010101,3.03445850914205,3.76602692441375,0.00169378194993537,0.0474984256975084,0.0425625787013953,"KIF23/BIRC5/CDC6/ECT2/CIT/AURKB/RACGAP1/SPAST/WNK1/PRKCE",10
"GO:0046034","ATP metabolic process","17/632","228/18986",0.0745614035087719,2.23990950477459,3.49512428059026,0.0016949310783664,0.0474984256975084,0.0425625787013953,"HSPA1A/HSPA1B/EP300/APP/NDUFAB1/PFKP/NT5E/JMJD8/GPI/NDUFB2/NDUFA11/PPARA/NDUFS4/PGM1/NDUFB10/SLC25A13/NDUFA10",17
"GO:1903320","regulation of protein modification by small protein conjugation or removal","18/632","248/18986",0.0725806451612903,2.1804052674561,3.47211289827486,0.00169786958583327,0.0474984256975084,0.0425625787013953,"HSPA1A/HSPA1B/PIAS1/RBCK1/FAM107A/FANCI/SOX4/KDM1A/HDAC3/FBXO5/WNK1/TICAM1/PELI1/NDFIP1/PRKCE/PIAS3/RNF111/UFL1",18
"GO:0032956","regulation of actin cytoskeleton organization","23/632","352/18986",0.0653409090909091,1.96291534810127,3.38380144407189,0.00171362401416776,0.0476450554123209,0.0426939712409379,"STMN1/RNH1/PHLDB2/IQGAP2/ECT2/NEDD9/CIT/AMOT/FAM107A/SLC4A2/BAG4/SLC9A1/ADD3/NEB/MIR1-1/RND3/NAA20/TESK1/PIK3CA/BIN1/PRKCE/S100A10/PLEKHH2",23
"GO:0045649","regulation of macrophage differentiation","5/632","27/18986",0.185185185185185,5.5631739334271,4.40290857917432,0.0017674822500006,0.0488428631524555,0.0437673075770366,"PTPN2/CSF1/INHBA/MIR223/LIF",5
